station,date,co,no2,o3,pm10,pm25,humidity,so2,year,month,day,day_of_week,,AQI_PM25,AQI_PM10,AQI_NO2,AQI_SO2,AQI_CO,AQI_O3,FINAL_AQI
Bollaram Industrial Area,01-02-2023,1.423616667,3.055,18.14551667,165.3333333,105.4583333,61.725,21.09318333,2023,2,1,Wednesday,,250.3577586,143.7449664,3.81875,26.36647917,71.75721667,18.14551667,250.3577586
Bollaram Industrial Area,02-02-2023,1.297666667,2.675866667,18.40113333,123.25,67.79166667,53.87916667,16.483075,2023,2,2,Thursday,,124.1853448,115.783557,3.344833333,20.60384375,65.58566667,18.40113333,124.1853448
Bollaram Industrial Area,03-02-2023,1.308639583,6.404533333,18.33988333,118,50.16666667,42.475,18.12603333,2023,2,3,Friday,,83.38505747,112.295302,8.005666667,22.65754167,66.12333958,18.33988333,112.295302
Bollaram Industrial Area,04-02-2023,1.501858333,7.284216708,18.47545,158.2083333,74.20833333,45.57916667,28.951,2023,2,4,Saturday,,146.0905172,139.010906,9.105270885,36.18875,75.59105833,18.47545,146.0905172
Bollaram Industrial Area,05-02-2023,1.29528125,6.869833292,18.25413333,145.3333333,68,46.4,22.5189,2023,2,5,Sunday,,124.8965517,130.4563758,8.587291615,28.148625,65.46878125,18.25413333,130.4563758
Bollaram Industrial Area,06-02-2023,0.939377083,6.602716708,17.83845,147.9583333,74.91666667,54.00833333,19.76135,2023,2,6,Monday,,148.5086207,132.2005034,8.253395885,24.7016875,46.96885417,17.83845,148.5086207
Bollaram Industrial Area,07-02-2023,1.08631875,6.284683333,18.03935,160.0416667,77.58333333,59.10833333,13.62945838,2023,2,7,Tuesday,,157.612069,140.2290268,7.855854167,17.03682297,55.22961875,18.03935,157.612069
Bollaram Industrial Area,08-02-2023,1.307107895,3.614547368,18.18570526,133.0526316,66.68421053,56.07894737,12.16645263,2023,2,8,Wednesday,,120.4047187,122.2967149,4.518184211,15.20806579,66.04828684,18.18570526,122.2967149
Bollaram Industrial Area,09-02-2023,1.18650625,7.106399917,18.14061667,156.6521739,72.375,50.93333333,15.68069996,2023,2,9,Thursday,,139.8318966,137.9769478,8.882999896,19.60087495,60.13880625,18.14061667,139.8318966
Bollaram Industrial Area,10-02-2023,1.213222917,11.7735,18.4779,201.5833333,82.375,43.17916667,30.9422,2023,2,10,Friday,,173.9698276,167.8305369,14.716875,38.67775,61.44792292,18.4779,173.9698276
Bollaram Industrial Area,11-02-2023,1.4341125,13.04328333,18.02873333,212,89.33333333,41.9625,20.43054167,2023,2,11,Saturday,,197.7241379,174.7516779,16.30410417,25.53817708,72.2715125,18.02873333,197.7241379
Bollaram Industrial Area,12-02-2023,1.480389583,8.509349958,18.32436667,300.5,120.0833333,45.9875,53.58773333,2023,2,12,Sunday,,300.2965116,250.5,10.63668745,66.81535726,74.53908958,18.32436667,300.2965116
Bollaram Industrial Area,13-02-2023,1.301960417,3.234383333,17.7478,133.1666667,46.79166667,44.14166667,14.871775,2023,2,13,Monday,,77.68247126,122.3724832,4.042979167,18.58971875,65.79606042,17.7478,122.3724832
Bollaram Industrial Area,14-02-2023,1.413120833,3.9809,17.48646667,124.0833333,53.625,38.9875,16.25164167,2023,2,14,Tuesday,,89.22844828,116.3372483,4.976125,20.31455208,71.24292083,17.48646667,116.3372483
Bollaram Industrial Area,15-02-2023,1.390697921,7.871716625,17.48728333,208.25,90.91666667,40.52916667,42.42107504,2023,2,15,Wednesday,,200.7155172,172.2600671,9.839645781,52.78545326,70.14419812,17.48728333,200.7155172
Bollaram Industrial Area,16-02-2023,1.1221,7.003,17.8311,205.4166667,88.45833333,39.65416667,53.59755833,2023,2,16,Thursday,,194.737069,170.3775168,8.75375,66.8277015,56.9829,17.8311,194.737069
Bollaram Industrial Area,17-02-2023,0.971341667,6.99125,17.37458333,214.75,88.33333333,42.25833333,51.83888333,2023,2,17,Friday,,194.3103448,176.5788591,8.7390625,64.61808419,48.56708333,17.37458333,194.3103448
Bollaram Industrial Area,18-02-2023,1.611110417,10.01648333,17.6841,211.1666667,97.54166667,51.13333333,33.95410833,2023,2,18,Saturday,,223.3318966,174.1979866,12.52060417,42.44263542,80.94441042,17.6841,223.3318966
Bollaram Industrial Area,19-02-2023,1.44413125,3.314283333,18.04506667,132.7083333,68.04166667,59.58333333,20.30390833,2023,2,19,Sunday,,125.0387931,122.067953,4.142854167,25.37988542,72.76243125,18.04506667,125.0387931
Bollaram Industrial Area,20-02-2023,1.521633417,6.054712375,17.96092542,156.4583333,68.58333333,54.05783333,15.79865463,2023,2,20,Monday,,126.887931,137.8481544,7.568390469,19.74831828,76.56003742,17.96092542,137.8481544
Bollaram Industrial Area,21-02-2023,1.25967745,7.0908619,17.825827,162.05,69.3,47.3277,12.28664715,2023,2,21,Tuesday,,129.3344828,141.5634228,8.863577375,15.35830894,63.72419505,17.825827,141.5634228
Bollaram Industrial Area,22-02-2023,1.312660714,4.444857214,25.739,156.1428571,63,39.70714286,20.79718571,2023,2,22,Wednesday,,107.8275862,137.6385427,5.556071518,25.99648214,66.320375,25.739,137.6385427
Bollaram Industrial Area,23-02-2023,1.38974375,7.530183333,21.34521667,178.625,77.91666667,45.7125,21.24165,2023,2,23,Thursday,,158.75,152.5763423,9.412729167,26.5520625,70.09744375,21.34521667,158.75
Bollaram Industrial Area,24-02-2023,1.500427083,8.141966625,17.86785,220.9583333,106.25,48.07083333,37.11011667,2023,2,24,Friday,,253.0603448,180.7038591,10.17745828,46.38764583,75.52092708,17.86785,253.0603448
Bollaram Industrial Area,25-02-2023,1.539547917,8.284533292,17.3362,209.5,93.04166667,41.875,46.44386667,2023,2,25,Saturday,,207.9698276,173.090604,10.35566661,57.83972991,77.43784792,17.3362,207.9698276
Bollaram Industrial Area,26-02-2023,1.467508333,6.940333333,17.68655,151.2916667,67.95833333,40.74166667,19.10198333,2023,2,26,Sunday,,124.7543103,134.4152685,8.675416667,23.87747917,73.90790833,17.68655,134.4152685
Bollaram Industrial Area,27-02-2023,1.383064583,4.208066625,17.34926667,129.0833333,59.66666667,43.55,18.48955833,2023,2,27,Monday,,99.43678161,119.659396,5.260083281,23.11194792,69.77016458,17.34926667,119.659396
Bollaram Industrial Area,28-02-2023,1.32963125,4.398416667,17.34273333,110.75,51.41666667,47.10416667,11.56948333,2023,2,28,Tuesday,,85.49712644,107.4781879,5.498020833,14.46185417,67.15193125,17.34273333,107.4781879
Central University,01-02-2023,0.641677088,41.82138375,17.01933333,173.25,65.41176471,57.1125,7.225741667,2023,2,1,Wednesday,,116.0608519,149.0050336,52.03199497,9.032177083,32.08385438,17.01933333,149.0050336
Central University,02-02-2023,0.485670833,38.3802,17.41133333,123.5416667,42.625,49.14166667,11.07168333,2023,2,2,Thursday,,70.64224138,115.977349,47.97525,13.83960417,24.28354167,17.41133333,115.977349
Central University,03-02-2023,0.544829167,59.77303292,18.79966667,111.5416667,31.5,40.4,20.57900833,2023,2,3,Friday,,51.84482759,108.0041946,74.5866311,25.72376042,27.24145833,18.79966667,108.0041946
Central University,04-02-2023,0.611253846,54.13243077,17.42892308,132.9230769,38.84615385,40.19230769,17.57818462,2023,2,4,Saturday,,64.25729443,122.210635,67.49972071,21.97273077,30.56269231,17.42892308,122.210635
Central University,05-02-2023,0.648356258,59.90463292,18.1545,132.25,46.625,46.14166667,11.2267,2023,2,5,Sunday,,77.40086207,121.7634228,74.75197469,14.033375,32.41781292,18.1545,121.7634228
Central University,06-02-2023,0.6784125,55.00253375,17.31333333,132.7916667,47.70833333,54.64166667,3.354691671,2023,2,6,Monday,,79.23132184,122.1233221,68.59292702,4.193364589,33.920625,17.31333333,122.1233221
Central University,07-02-2023,0.51954375,43.1037,17.57466667,118.5833333,42.66666667,57.85,2.634191667,2023,2,7,Tuesday,,70.71264368,112.6828859,53.64311026,3.292739583,25.9771875,17.57466667,112.6828859
Central University,08-02-2023,0.64835625,43.29483333,17.63183333,133.8333333,45.58333333,56.44583333,3.898341667,2023,2,8,Wednesday,,75.6408046,122.8154362,53.88325214,4.872927083,32.4178125,17.63183333,122.8154362
Central University,09-02-2023,0.693202088,62.64394958,18.4975,138.875,47.45833333,51.03333333,5.523833333,2023,2,9,Thursday,,78.80890805,126.1652685,78.19368025,6.904791667,34.66010438,18.4975,126.1652685
Central University,10-02-2023,0.750452087,74.87883292,19.17533333,168.75,49.83333333,46.3,9.876308333,2023,2,10,Friday,,82.82183908,146.0151007,93.56571315,12.34538542,37.52260438,19.17533333,146.0151007
Central University,11-02-2023,0.8473,77.61344958,19.3305,150.875,45.08333333,43.05416667,6.193025042,2023,2,11,Saturday,,74.79597701,134.1384228,97.00151358,7.741281302,42.365,19.3305,134.1384228
Central University,12-02-2023,0.877833333,70.26735,18.88133333,169.125,52.66666667,45.1875,7.818516667,2023,2,12,Sunday,,87.6091954,146.2642617,87.77179872,9.773145833,43.89166667,18.88133333,146.2642617
Central University,13-02-2023,0.448935421,40.20223333,18.06466667,139.1052632,35.66666667,39.32083333,5.3579,2023,2,13,Monday,,58.88505747,126.3182621,49.99767778,6.697375,22.44677104,18.06466667,126.3182621
Central University,14-02-2023,0.500460417,50.69498333,18.92216667,129.375,35.45833333,36.59166667,18.47645871,2023,2,14,Tuesday,,58.53304598,119.8531879,63.1808765,23.09557339,25.02302083,18.92216667,119.8531879
Central University,15-02-2023,0.845868754,69.33048292,19.33866667,174.5833333,55.75,40.6,12.68844167,2023,2,15,Wednesday,,92.81896552,149.8909396,86.59470931,15.86055208,42.29343771,19.33866667,149.8909396
Central University,16-02-2023,0.7929125,76.90531625,19.46933333,177.4583333,52.79166667,39.87083333,17.84875008,2023,2,16,Thursday,,87.8204023,151.8011745,96.1118076,22.3109376,39.645625,19.46933333,151.8011745
Central University,17-02-2023,0.763333333,64.67043333,18.8405,176.4166667,53.41666667,40.7625,21.36173333,2023,2,17,Friday,,88.87643678,151.1090604,80.73977521,26.70216667,38.16666667,18.8405,151.1090604
Central University,18-02-2023,0.75999375,68.89416667,17.9585,169.875,53.54166667,50.42083333,7.330541708,2023,2,18,Saturday,,89.08764368,146.7625839,86.04651709,9.163177135,37.9996875,17.9585,146.7625839
Central University,19-02-2023,0.506185417,39.84738333,17.74616667,114.75,37.91666667,58.425,4.687616667,2023,2,19,Sunday,,62.68678161,110.135906,49.80922917,5.859520833,25.30927083,17.74616667,110.135906
Central University,20-02-2023,0.72850625,54.9336,18.277,130.375,45.25,54.48333333,3.925633375,2023,2,20,Monday,,75.07758621,120.5176174,68.50631795,4.907041719,36.4253125,18.277,120.5176174
Central University,21-02-2023,0.684137504,60.87675,18.48116667,140.8333333,50.54166667,47.84166667,6.40044175,2023,2,21,Tuesday,,84.01867816,127.466443,75.97335256,8.000552188,34.20687521,18.48116667,127.466443
Central University,22-02-2023,0.759039583,69.01009958,18.62,167.7916667,56.5,46.01666667,4.953983333,2023,2,22,Wednesday,,94.0862069,145.3783557,86.1921764,6.192479167,37.95197917,18.62,145.3783557
Central University,23-02-2023,0.57393125,54.6993825,18.33416667,149.125,51.16666667,46.20416667,7.011775,2023,2,23,Thursday,,85.07471264,132.9756711,68.21204468,8.76471875,28.6965625,18.33416667,132.9756711
Central University,24-02-2023,0.681275,63.23928333,18.50566667,162.2083333,56.45833333,47.6625,6.731216671,2023,2,24,Friday,,94.0158046,141.6686242,78.94166368,8.414020839,34.06375,18.50566667,141.6686242
Central University,25-02-2023,0.691770838,68.33800083,19.0365,157.3333333,51.375,42.96666667,9.370866667,2023,2,25,Saturday,,85.42672414,138.4295302,85.34774464,11.71358333,34.58854188,19.0365,138.4295302
Central University,26-02-2023,0.682229167,65.24853333,17.5175,127.7083333,43.66666667,40.95,7.210458292,2023,2,26,Sunday,,72.40229885,118.7458054,81.46610598,9.013072865,34.11145833,17.5175,118.7458054
Central University,27-02-2023,0.452752083,37.84675,17.82783333,109.7916667,39.33333333,43.23333333,4.717091667,2023,2,27,Monday,,65.08045977,106.841443,47.3084375,5.896364583,22.63760417,17.82783333,106.841443
Central University,28-02-2023,0.481377083,39.88341667,17.99116667,96.54166667,33.375,45.25833333,3.911441713,2023,2,28,Tuesday,,55.01293103,96.54166667,49.85427083,4.889302141,24.06885417,17.99116667,96.54166667
ECIL KAPRA,01-02-2023,0.54,8.333478261,11.05956522,78.51,29.75217391,54.95565217,5.685652174,2023,2,1,Wednesday,,49.58695652,78.51,10.41684783,7.107065217,27,11.05956522,78.51
ECIL KAPRA,02-02-2023,0.541666667,7.244583333,12.91791667,78.41583333,31.36208333,43.62375,7.0425,2023,2,2,Thursday,,51.61179598,78.41583333,9.055729167,8.803125,27.08333333,12.91791667,78.41583333
ECIL KAPRA,03-02-2023,0.54,6.759583333,11.84833333,84.715,38.98272727,29.25166667,5.790833333,2023,2,3,Friday,,64.48805643,84.715,8.449479167,7.238541667,27,11.84833333,84.715
ECIL KAPRA,04-02-2023,0.642916667,7.223333333,11.57333333,88.76333333,32.06708333,36.35041667,5.410833333,2023,2,4,Saturday,,52.80300287,88.76333333,9.029166667,6.763541667,32.14583333,11.57333333,88.76333333
ECIL KAPRA,05-02-2023,0.487916667,7.324583333,12.405,81.85208333,35.74625,39.40083333,6.52875,2023,2,5,Sunday,,59.01952586,81.85208333,9.155729167,8.1609375,24.39583333,12.405,81.85208333
ECIL KAPRA,06-02-2023,0.649583333,6.195833333,13.65291667,95.84416667,33.22166667,49.20416667,6.49125,2023,2,6,Monday,,54.75385057,95.84416667,7.744791667,8.1140625,32.47916667,13.65291667,95.84416667
ECIL KAPRA,07-02-2023,0.6925,5.757083333,13.505,80.27166667,34.22625,57.44291667,7.195416667,2023,2,7,Tuesday,,56.45125,80.27166667,7.196354167,8.994270833,34.625,13.505,80.27166667
ECIL KAPRA,08-02-2023,0.690833333,6.6575,11.71541667,87.59958333,36.06625,56.89833333,7.525833333,2023,2,8,Wednesday,,59.56021552,87.59958333,8.321875,9.407291667,34.54166667,11.71541667,87.59958333
ECIL KAPRA,09-02-2023,0.69375,6.03375,10.72083333,92.6475,33.52291667,48.38833333,5.93375,2023,2,9,Thursday,,55.2628592,92.6475,7.5421875,7.4171875,34.6875,10.72083333,92.6475
ECIL KAPRA,10-02-2023,0.689583333,6.214166667,13.35166667,86.55291667,35.695,31.965,6.315416667,2023,2,10,Friday,,58.93293103,86.55291667,7.767708333,7.894270833,34.47916667,13.35166667,86.55291667
ECIL KAPRA,11-02-2023,0.662083333,7.375833333,14.36875,72.22875,31.87708333,32.42541667,7.377916667,2023,2,11,Saturday,,52.48196839,72.22875,9.219791667,9.222395833,33.10416667,14.36875,72.22875
ECIL KAPRA,12-02-2023,0.9775,6.77125,13.91791667,88.41791667,32.9575,34.15083333,6.154583333,2023,2,12,Sunday,,54.3075,88.41791667,8.4640625,7.693229167,48.875,13.91791667,88.41791667
ECIL KAPRA,13-02-2023,0.443333333,6.882916667,12.45875,82.51208333,26.68625,28.62625,6.949583333,2023,2,13,Monday,,44.47708333,82.51208333,8.603645833,8.686979167,22.16666667,12.45875,82.51208333
ECIL KAPRA,14-02-2023,0.59952381,7.77,12.75142857,75.30666667,28.44857143,24.79190476,7.400952381,2023,2,14,Tuesday,,47.41428571,75.30666667,9.7125,9.251190476,29.97619048,12.75142857,75.30666667
ECIL KAPRA,15-02-2023,0.634782609,7.084583333,14.27041667,86.81782609,33.23208333,24.04125,6.716666667,2023,2,15,Wednesday,,54.77145115,86.81782609,8.855729167,8.395833333,31.73913043,14.27041667,86.81782609
ECIL KAPRA,16-02-2023,0.70375,6.754583333,17.61291667,88.47,35.21208333,24.39041667,6.269166667,2023,2,16,Thursday,,58.11696839,88.47,8.443229167,7.836458333,35.1875,17.61291667,88.47
ECIL KAPRA,17-02-2023,0.75875,6.140833333,14.03583333,72.79625,35.70416667,26.91208333,6.41875,2023,2,17,Friday,,58.94841954,72.79625,7.676041667,8.0234375,37.9375,14.03583333,72.79625
ECIL KAPRA,18-02-2023,0.5725,6.653333333,13.20916667,78.33958333,35.71291667,46.85416667,7.354166667,2023,2,18,Saturday,,58.96320402,78.33958333,8.316666667,9.192708333,28.625,13.20916667,78.33958333
ECIL KAPRA,19-02-2023,0.4575,8.330416667,12.13541667,92.17208333,38.21333333,58.56291667,7.56,2023,2,19,Sunday,,63.18804598,92.17208333,10.41302083,9.45,22.875,12.13541667,92.17208333
ECIL KAPRA,20-02-2023,0.589166667,7.1225,10.62541667,93.38333333,38.92833333,51.40833333,5.835416667,2023,2,20,Monday,,64.39614943,93.38333333,8.903125,7.294270833,29.45833333,10.62541667,93.38333333
ECIL KAPRA,21-02-2023,0.780416667,4.924166667,14.45875,86.54,37.26375,39.88916667,6.795,2023,2,21,Tuesday,,61.58357759,86.54,6.155208333,8.49375,39.02083333,14.45875,86.54
ECIL KAPRA,22-02-2023,0.927083333,6.473333333,16.8225,80.9805,38.07047619,38.92625,7.29875,2023,2,22,Wednesday,,62.94666667,80.9805,8.091666667,9.1234375,46.35416667,16.8225,80.9805
ECIL KAPRA,23-02-2023,0.726086957,7.076086957,12.60217391,84.42434783,44.53227273,38.76217391,6.378695652,2023,2,23,Thursday,,73.86487461,84.42434783,8.845108696,7.973369565,36.30434783,12.60217391,84.42434783
ECIL KAPRA,24-02-2023,0.649583333,5.253333333,13.31333333,85.76444444,36.72083333,40.06916667,5.737083333,2023,2,24,Friday,,60.66623563,85.76444444,6.566666667,7.171354167,32.47916667,13.31333333,85.76444444
ECIL KAPRA,25-02-2023,0.78,5.007083333,16.52333333,91.27166667,42.85333333,31.61375,6.53,2023,2,25,Saturday,,71.02804598,91.27166667,6.258854167,8.1625,39,16.52333333,91.27166667
ECIL KAPRA,26-02-2023,0.738333333,5.107083333,15.99166667,83.23375,45.5225,32.75,5.332916667,2023,2,26,Sunday,,75.53801724,83.23375,6.383854167,6.666145833,36.91666667,15.99166667,83.23375
ECIL KAPRA,27-02-2023,0.459166667,6.417916667,15.89791667,92.22833333,43.04291667,34.61708333,6.067083333,2023,2,27,Monday,,71.34837644,92.22833333,8.022395833,7.583854167,22.95833333,15.89791667,92.22833333
ECIL KAPRA,28-02-2023,0.44625,5.56375,14.92708333,100.2816667,38.46416667,41.40541667,8.096666667,2023,2,28,Tuesday,,63.61186782,100.5227181,6.9546875,10.12083333,22.3125,14.92708333,100.5227181
ICRISAT Patancheru,01-02-2023,0.588720838,30.5923,56.94453417,200.1666667,107.625,66.80458333,25.35505004,2023,2,1,Wednesday,,257.7543103,166.8892617,38.240375,31.69381255,29.43604188,56.94453417,257.7543103
ICRISAT Patancheru,02-02-2023,0.506185417,37.56396667,50.86608292,181,88.5,60.39375,25.47404167,2023,2,2,Thursday,,194.8793103,154.1543624,46.95495833,31.84255208,25.30927083,50.86608292,194.8793103
ICRISAT Patancheru,03-02-2023,0.696541667,39.50741671,38.95418333,181.0833333,71.16666667,58.19166667,22.08005,2023,2,3,Friday,,135.7068966,154.2097315,49.38427089,27.6000625,34.82708333,38.95418333,154.2097315
ICRISAT Patancheru,04-02-2023,0.853025,43.24940042,40.78351708,203.25,87.33333333,57.21583333,31.87448333,2023,2,4,Saturday,,190.8965517,168.9379195,53.82616975,39.84310417,42.65125,40.78351708,190.8965517
ICRISAT Patancheru,05-02-2023,0.653604167,41.90598371,50.73868333,191.4166667,79.41666667,57.535,24.759,2023,2,5,Sunday,,163.8706897,161.0755034,52.13828722,30.94875,32.68020833,50.73868333,163.8706897
ICRISAT Patancheru,06-02-2023,0.616868758,35.36045,60.25774958,162.2916667,75.04166667,63.03083333,16.93284171,2023,2,6,Monday,,148.9353448,141.7239933,44.2005625,21.16605214,30.84343792,60.25774958,148.9353448
ICRISAT Patancheru,07-02-2023,0.456568754,20.23036667,60.90781625,118.8333333,64.54166667,65.5375,13.09781671,2023,2,7,Tuesday,,113.0905172,112.8489933,25.28795833,16.37227089,22.82843771,60.90781625,113.0905172
ICRISAT Patancheru,08-02-2023,0.510479167,22.66183333,62.38761667,127.7916667,65.875,63.2925,17.858575,2023,2,8,Wednesday,,117.6422414,118.8011745,28.32729167,22.32321875,25.52395833,62.38761667,118.8011745
ICRISAT Patancheru,09-02-2023,0.745204167,37.99871717,43.15430083,200.0833333,62.70588235,60.9425,17.88368338,2023,2,9,Thursday,,106.8235294,166.8338926,47.49839646,22.35460422,37.26020833,43.15430083,166.8338926
ICRISAT Patancheru,10-02-2023,0.667916671,43.59328379,35.60748333,178.7916667,68.66666667,58.14333333,21.43050833,2023,2,10,Friday,,127.1724138,152.6870805,54.25822835,26.78813542,33.39583354,35.60748333,152.6870805
ICRISAT Patancheru,11-02-2023,0.766059529,46.19786667,24.67173333,169.6190476,69.04761905,58.3647619,17.77108567,2023,2,11,Saturday,,128.4729064,146.5925216,57.53065299,22.21385708,38.30297643,24.67173333,146.5925216
ICRISAT Patancheru,12-02-2023,0.761902083,38.38255,43.4548325,179.25,70.20833333,55.11,18.82688333,2023,2,12,Sunday,,132.4353448,152.9916107,47.9781875,23.53360417,38.09510417,43.4548325,152.9916107
ICRISAT Patancheru,13-02-2023,0.658375,32.73001663,49.32829958,198,69.375,48.44458333,33.65499167,2023,2,13,Monday,,129.5905172,165.4496644,40.91252078,42.06873958,32.91875,49.32829958,165.4496644
ICRISAT Patancheru,14-02-2023,0.772875,47.33683292,36.21916667,233.375,88.45833333,55.86375,36.85794167,2023,2,14,Tuesday,,194.737069,188.9538591,58.96166187,46.07242708,38.64375,36.21916667,194.737069
ICRISAT Patancheru,15-02-2023,0.705129171,51.2942325,36.25346704,207.1666667,86.375,53.7225,31.85155833,2023,2,15,Wednesday,,187.625,171.5402685,63.93377929,39.81444792,35.25645854,36.25346704,187.625
ICRISAT Patancheru,16-02-2023,0.784325004,52.61963333,31.88756667,222.125,71.25,53.53208333,21.72750588,2023,2,16,Thursday,,135.9913793,181.4790268,65.5990265,27.15938235,39.21625021,31.88756667,181.4790268
ICRISAT Patancheru,17-02-2023,1.33821875,64.54723636,42.80313333,236.0833333,82.125,54.23333333,,2023,2,17,Friday,,173.1163793,190.7533557,80.58498928,0,67.57271875,42.80313333,190.7533557
ICRISAT Patancheru,18-02-2023,1.05483125,,53.02045,189.7916667,71.25,58.625,,2023,2,18,Saturday,,135.9913793,159.9958054,0,0,53.68673125,53.02045,159.9958054
ICRISAT Patancheru,19-02-2023,0.769535417,,51.09148333,114.3333333,55.58333333,65.0125,,2023,2,19,Sunday,,92.53735632,109.8590604,0,0,38.47677083,51.09148333,109.8590604
ICRISAT Patancheru,20-02-2023,0.75999375,20.62595,55.9237,151.4583333,65.29166667,62.28708333,22.7154,2023,2,20,Monday,,115.6508621,134.5260067,25.7824375,28.39425,37.9996875,55.9237,134.5260067
ICRISAT Patancheru,21-02-2023,0.50809375,29.28021667,52.83098333,173.4166667,75.66666667,56.07541667,15.46018333,2023,2,21,Tuesday,,151.0689655,149.1157718,36.60027083,19.32522917,25.4046875,52.83098333,151.0689655
ICRISAT Patancheru,22-02-2023,0.586812504,42.29373375,56.66686625,163.0833333,72.45833333,56.00333333,14.57811667,2023,2,22,Wednesday,,140.1163793,142.25,52.62546035,18.22264583,29.34062521,56.66686625,142.25
ICRISAT Patancheru,23-02-2023,0.424127083,31.56206667,69.00016708,131.25,62.20833333,53.39916667,14.08359171,2023,2,23,Thursday,,105.125,121.0989933,39.45258333,17.60448964,21.20635417,69.00016708,121.0989933
ICRISAT Patancheru,24-02-2023,0.606372917,45.88531625,63.55708333,185.6666667,84.95833333,56.0075,16.53875,2023,2,24,Friday,,182.7887931,157.2550336,57.13796144,20.6734375,30.31864583,63.55708333,182.7887931
ICRISAT Patancheru,25-02-2023,0.506185417,49.84663333,50.73868375,172.25,67.33333333,52.38375,19.89562458,2023,2,25,Saturday,,122.6206897,148.340604,62.11500085,24.86953073,25.30927083,50.73868375,148.340604
ICRISAT Patancheru,26-02-2023,0.482808333,47.63215,56.82203333,157.0416667,65.375,50.23458333,14.878325,2023,2,26,Sunday,,115.9353448,138.2357383,59.33270128,18.59790625,24.14041667,56.82203333,138.2357383
ICRISAT Patancheru,27-02-2023,0.333958333,23.81725,85.52950083,117.4166667,58.875,49.18791667,14.413275,2023,2,27,Monday,,98.09913793,111.9077181,29.7715625,18.01659375,16.69791667,85.52950083,111.9077181
ICRISAT Patancheru,28-02-2023,0.387391667,26.32078333,71.27703333,113.6666667,50.625,52.26541667,11.92318333,2023,2,28,Tuesday,,84.15948276,109.4161074,32.90097917,14.90397917,19.36958333,71.27703333,109.4161074
IDA Pashamylaram,01-02-2023,0.936514588,13.41301667,6.40103325,240.9166667,123.0666667,74.3625,18.58780833,2023,2,1,Wednesday,,302.5860465,193.9647651,16.76627083,23.23476042,46.82572938,6.40103325,302.5860465
IDA Pashamylaram,02-02-2023,0.864475,14.31385004,5.915933292,217.7916667,66.27272727,68.975,20.99820833,2023,2,2,Thursday,,119,178.5998322,17.89231255,26.24776042,43.22375,5.915933292,178.5998322
IDA Pashamylaram,03-02-2023,0.861135417,17.98455,5.258516667,254,106.4166667,61.20833333,27.49580833,2023,2,3,Friday,,253.6293103,204,22.4806875,34.36976042,43.05677083,5.258516667,253.6293103
IDA Pashamylaram,04-02-2023,0.882604167,18.19839996,5.841616708,261.5,109.2916667,62.49166667,29.72280838,2023,2,4,Saturday,,263.4439655,211.5,22.74799995,37.15351047,44.13020833,5.841616708,263.4439655
IDA Pashamylaram,05-02-2023,0.908768421,16.18877895,6.415389474,252.5789474,106.4736842,66.98421053,38.41885263,2023,2,5,Sunday,,253.8239564,202.5789474,20.23597368,48.02356579,45.43842105,6.415389474,253.8239564
IDA Pashamylaram,06-02-2023,1.096814583,12.41818333,6.484333333,171.7083333,79.33333333,68.70416667,14.92745,2023,2,6,Monday,,163.5862069,147.9807047,15.52272917,18.6593125,55.74391458,6.484333333,163.5862069
IDA Pashamylaram,07-02-2023,0.62259375,9.463450042,7.443916667,130.7916667,69.25,73.82916667,7.688608333,2023,2,7,Tuesday,,129.1637931,120.7944631,11.82931255,9.610760417,31.1296875,7.443916667,129.1637931
IDA Pashamylaram,08-02-2023,0.537672921,11.66304996,7.086216708,173.2083333,72.75,71.81666667,10.123025,2023,2,8,Wednesday,,141.112069,148.977349,14.57881245,12.65378125,26.88364604,7.086216708,148.977349
IDA Pashamylaram,09-02-2023,1.145954171,15.3784,5.768933375,306.9166667,125.375,66.80416667,25.27863329,2023,2,9,Thursday,,304.3575581,256.9166667,19.223,31.59829161,58.15175437,5.768933375,304.3575581
IDA Pashamylaram,10-02-2023,0.917431254,14.63266667,5.822833333,199.6666667,81.95833333,60.55,17.79089163,2023,2,10,Friday,,172.5474138,166.557047,18.29083333,22.23861453,45.87156271,5.822833333,172.5474138
IDA Pashamylaram,11-02-2023,1.023820833,13.53991658,5.4096,168.875,75.125,56.75416667,17.727575,2023,2,11,Saturday,,149.2198276,146.0981544,16.92489573,22.15946875,52.16722083,5.4096,149.2198276
IDA Pashamylaram,12-02-2023,0.911229167,14.87941667,5.533733333,191.125,68.95833333,58.8875,22.99159167,2023,2,12,Sunday,,128.1681034,160.8817114,18.59927083,28.73948958,45.56145833,5.533733333,160.8817114
IDA Pashamylaram,13-02-2023,0.80293125,16.87456667,4.915516667,232.6666667,71.45833333,58.72916667,27.95103337,2023,2,13,Monday,,136.7025862,188.4832215,21.09320833,34.93879172,40.1465625,4.915516667,188.4832215
IDA Pashamylaram,14-02-2023,1.285739583,15.62984996,5.884083292,285.75,118.7083333,57.525,25.20003333,2023,2,14,Tuesday,,295.5905172,235.75,19.53731245,31.50004167,65.00123958,5.884083292,295.5905172
IDA Pashamylaram,15-02-2023,1.184120833,8.503083333,6.120916667,269.75,114.1666667,56.1875,24.43914167,2023,2,15,Wednesday,,280.0862069,219.75,10.62885417,30.54892708,60.02192083,6.120916667,280.0862069
IDA Pashamylaram,16-02-2023,0.948441667,7.933600042,6.000866667,235.4583333,84.375,54.52916667,26.20655,2023,2,16,Thursday,,180.7974138,190.3380872,9.917000052,32.7581875,47.42208333,6.000866667,190.3380872
IDA Pashamylaram,17-02-2023,0.838235417,8.422400042,6.126633333,251.375,97.20833333,57.01666667,27.77855,2023,2,17,Friday,,222.1939655,201.375,10.52800005,34.7231875,41.91177083,6.126633333,222.1939655
IDA Pashamylaram,18-02-2023,0.71705625,7.285783292,6.880416708,201.9166667,82.125,62.42916667,14.655625,2023,2,18,Saturday,,173.1163793,168.0520134,9.107229115,18.31953125,35.8528125,6.880416708,173.1163793
IDA Pashamylaram,19-02-2023,0.574885417,5.465316667,7.033950042,120.0833333,55.33333333,72.55416667,8.082700042,2023,2,19,Sunday,,92.11494253,113.6795302,6.831645833,10.10337505,28.74427083,7.033950042,113.6795302
IDA Pashamylaram,20-02-2023,0.79720625,5.842883292,6.067016667,154.375,69.5,67.35833333,9.545533333,2023,2,20,Monday,,130.0172414,136.4639262,7.303604115,11.93191667,39.8603125,6.067016667,136.4639262
IDA Pashamylaram,21-02-2023,0.846345838,4.342016667,5.949416625,180.1666667,78.66666667,60.85833333,13.88054179,2023,2,21,Tuesday,,161.3103448,153.6006711,5.427520833,17.35067724,42.31729188,5.949416625,161.3103448
IDA Pashamylaram,22-02-2023,0.56248125,1.448383329,6.413283375,175.0416667,76.16666667,58.44166667,12.85000838,2023,2,22,Wednesday,,152.7758621,150.1954698,1.810479161,16.06251047,28.1240625,6.413283375,152.7758621
IDA Pashamylaram,23-02-2023,0.518589583,1.388066667,6.285883333,155.8333333,69.125,57.25416667,12.481025,2023,2,23,Thursday,,128.737069,137.4328859,1.735083333,15.60128125,25.92947917,6.285883333,137.4328859
IDA Pashamylaram,24-02-2023,0.57393125,1.399816667,6.486783375,190.9166667,83.5,59.8,10.53240004,2023,2,24,Friday,,177.8103448,160.7432886,1.749770833,13.16550005,28.6965625,6.486783375,177.8103448
IDA Pashamylaram,25-02-2023,0.793866667,1.37945,6.653383375,138,70.25,56.3375,11.0171,2023,2,25,Saturday,,132.5775862,125.5838926,1.7243125,13.771375,39.69333333,6.653383375,132.5775862
IDA Pashamylaram,26-02-2023,0.932697917,3.478783333,7.389200042,140.8571429,58.66666667,53.91666667,10.66558333,2023,2,26,Sunday,,97.74712644,127.4822627,4.348479167,13.33197917,46.63489583,7.389200042,127.4822627
IDA Pashamylaram,27-02-2023,0.780985417,6.0677,8.319383333,131.25,58.04166667,58.2,8.147108375,2023,2,27,Monday,,96.69109195,121.0989933,7.584625,10.18388547,39.04927083,8.319383333,121.0989933
IDA Pashamylaram,28-02-2023,0.90884375,5.925916583,8.093983333,115.6428571,55.81818182,60.96666667,6.141716625,2023,2,28,Tuesday,,92.93416928,110.7291467,7.407395729,7.677145781,45.4421875,8.093983333,110.7291467
IITH,01-02-2023,0.73173913,2.486956522,8.339130435,89.93130435,64.47565217,62.29782609,7.187391304,2023,2,1,Wednesday,,112.8651574,89.93130435,3.108695652,8.98423913,36.58695652,8.339130435,112.8651574
IITH,02-02-2023,0.7525,2.83125,6.741666667,81.12291667,59.02083333,54.71708333,6.607083333,2023,2,2,Thursday,,98.34554598,81.12291667,3.5390625,8.258854167,37.625,6.741666667,98.34554598
IITH,03-02-2023,0.714166667,2.49375,7.58,54.33041667,40.03416667,45.85666667,6.767916667,2023,2,3,Friday,,66.26462644,54.33041667,3.1171875,8.459895833,35.70833333,7.58,66.26462644
IITH,04-02-2023,0.802083333,5.934583333,9.472916667,66.76333333,58.39666667,47.63333333,7.71125,2023,2,4,Saturday,,97.29091954,66.76333333,7.418229167,9.6390625,40.10416667,9.472916667,97.29091954
IITH,05-02-2023,0.740416667,6.800833333,8.355416667,65.77833333,56.21541667,47.67208333,7.615416667,2023,2,5,Sunday,,93.6053592,65.77833333,8.501041667,9.519270833,37.02083333,8.355416667,93.6053592
IITH,06-02-2023,0.6275,3.83375,9.652083333,68.51958333,61.66375,51.38083333,7.125,2023,2,6,Monday,,103.2659052,68.51958333,4.7921875,8.90625,31.375,9.652083333,103.2659052
IITH,07-02-2023,0.91375,2.750416667,8.259166667,51.41291667,44.33208333,56.33833333,7.973333333,2023,2,7,Tuesday,,73.52662356,51.41291667,3.438020833,9.966666667,45.6875,8.259166667,73.52662356
IITH,08-02-2023,0.81625,2.72375,7.051666667,51.85625,42.68458333,26.96666667,6.68,2023,2,8,Wednesday,,70.74291667,51.85625,3.4046875,8.35,40.8125,7.051666667,70.74291667
IITH,09-02-2023,0.807916667,3.034166667,8.15625,53.92875,39.18083333,48.10583333,6.24,2023,2,9,Thursday,,64.82278736,53.92875,3.792708333,7.8,40.39583333,8.15625,64.82278736
IITH,10-02-2023,0.796666667,3.326666667,8.77375,75.76166667,52.20875,42.58666667,7.4025,2023,2,10,Friday,,86.83547414,75.76166667,4.158333333,9.253125,39.83333333,8.77375,86.83547414
IITH,11-02-2023,0.79875,2.8525,9.343333333,52.36708333,36.76791667,36.35083333,6.33875,2023,2,11,Saturday,,60.74579023,52.36708333,3.565625,7.9234375,39.9375,9.343333333,60.74579023
IITH,12-02-2023,0.69125,2.67125,6.180416667,53.7975,39.15708333,41.9475,6.92875,2023,2,12,Sunday,,64.78265805,53.7975,3.3390625,8.6609375,34.5625,6.180416667,64.78265805
IITH,13-02-2023,0.8125,2.894583333,8.31125,51.94541667,37.80541667,45.59083333,6.889583333,2023,2,13,Monday,,62.49880747,51.94541667,3.618229167,8.611979167,40.625,8.31125,62.49880747
IITH,14-02-2023,0.707083333,2.659166667,13.24458333,54.66708333,40.57875,42.135,6.326666667,2023,2,14,Tuesday,,67.18478448,54.66708333,3.323958333,7.908333333,35.35416667,13.24458333,67.18478448
IITH,15-02-2023,0.7475,6.5325,10.42083333,54.81291667,39.42541667,41.01458333,6.555,2023,2,15,Wednesday,,65.23604885,54.81291667,8.165625,8.19375,37.375,10.42083333,65.23604885
IITH,16-02-2023,0.779583333,9.85625,14.1275,55.74541667,41.15,39.72916667,6.85875,2023,2,16,Thursday,,68.15,55.74541667,12.3203125,8.5734375,38.97916667,14.1275,68.15
IITH,17-02-2023,0.469166667,6.534583333,12.48875,60.76958333,39.2175,38.90041667,7.389583333,2023,2,17,Friday,,64.88474138,60.76958333,8.168229167,9.236979167,23.45833333,12.48875,64.88474138
IITH,18-02-2023,0.634166667,6.34375,15.66208333,52.53625,39.26333333,45.25541667,7.200833333,2023,2,18,Saturday,,64.96218391,52.53625,7.9296875,9.001041667,31.70833333,15.66208333,64.96218391
IITH,19-02-2023,0.6,7.259166667,15.2975,54.9025,39.91708333,56.04958333,6.746666667,2023,2,19,Sunday,,66.06679598,54.9025,9.073958333,8.433333333,30,15.2975,66.06679598
IITH,20-02-2023,0.60875,6.344166667,13.19916667,52.96625,39.3925,26.72916667,7.322916667,2023,2,20,Monday,,65.18043103,52.96625,7.930208333,9.153645833,30.4375,13.19916667,65.18043103
IITH,21-02-2023,0.575217391,6.954782609,14.76347826,53.92304348,40.68608696,40.63913043,8.186086957,2023,2,21,Tuesday,,67.36614693,53.92304348,8.693478261,10.2326087,28.76086957,14.76347826,67.36614693
IITH,22-02-2023,0.757083333,5.79125,16.98458333,54.72333333,41.24708333,40.14333333,6.24625,2023,2,22,Wednesday,,68.31403736,54.72333333,7.2390625,7.8078125,37.85416667,16.98458333,68.31403736
IITH,23-02-2023,0.698333333,6.94625,11.45916667,56.07,41.06208333,40.26791667,6.75,2023,2,23,Thursday,,68.00145115,56.07,8.6828125,8.4375,34.91666667,11.45916667,68.00145115
IITH,24-02-2023,0.706956522,6.836956522,19.4,56.46826087,41.73043478,41.11304348,7.140434783,2023,2,24,Friday,,69.13073463,56.46826087,8.546195652,8.925543478,35.34782609,19.4,69.13073463
IITH,25-02-2023,0.72625,7.003333333,15.57625,53.89416667,38.69125,38.05041667,6.713333333,2023,2,25,Saturday,,63.99556034,53.89416667,8.754166667,8.391666667,36.3125,15.57625,63.99556034
IITH,26-02-2023,0.952083333,5.853333333,15.87083333,55.46041667,39.62375,33.29833333,6.4725,2023,2,26,Sunday,,65.57116379,55.46041667,7.316666667,8.090625,47.60416667,15.87083333,65.57116379
IITH,27-02-2023,0.727916667,5.621666667,14.15875,54.93208333,41.99166667,35.57541667,5.419166667,2023,2,27,Monday,,69.57212644,54.93208333,7.027083333,6.773958333,36.39583333,14.15875,69.57212644
IITH,28-02-2023,0.565833333,5.33375,15.84375,57.06791667,38.42333333,38.16208333,6.700833333,2023,2,28,Tuesday,,63.54287356,57.06791667,6.6671875,8.376041667,28.29166667,15.84375,63.54287356
KHAIRTHABAD,01-02-2023,0.989565217,6.30173913,13.97434783,71.50913043,50.93608696,55.7173913,10.35217391,2023,2,1,Wednesday,,84.68511244,71.50913043,7.877173913,12.94021739,49.47826087,13.97434783,84.68511244
KHAIRTHABAD,02-02-2023,0.835416667,5.577083333,15.02208333,86.54875,67.29166667,44.33375,10.42958333,2023,2,2,Thursday,,122.4784483,86.54875,6.971354167,13.03697917,41.77083333,15.02208333,122.4784483
KHAIRTHABAD,03-02-2023,0.824166667,5.558333333,13.80375,82.31916667,70.235,30.31041667,10.40125,2023,2,3,Friday,,132.5263793,82.31916667,6.947916667,13.0015625,41.20833333,13.80375,132.5263793
KHAIRTHABAD,04-02-2023,1.287083333,6.685,12.47916667,81.01708333,63.59208333,37.5075,9.926666667,2023,2,4,Saturday,,109.8488362,81.01708333,8.35625,12.40833333,65.06708333,12.47916667,109.8488362
KHAIRTHABAD,05-02-2023,0.976666667,6.67125,13.68958333,73.9375,58.41416667,39.35458333,9.884166667,2023,2,5,Sunday,,97.32048851,73.9375,8.3390625,12.35520833,48.83333333,13.68958333,97.32048851
KHAIRTHABAD,06-02-2023,0.701666667,5.807083333,12.53833333,74.05,50.91083333,50.93125,10.46416667,2023,2,6,Monday,,84.64244253,74.05,7.258854167,13.08020833,35.08333333,12.53833333,84.64244253
KHAIRTHABAD,07-02-2023,0.78,6.209166667,13.85208333,72.77375,48.82458333,55.97791667,10.12166667,2023,2,7,Tuesday,,81.11739943,72.77375,7.761458333,12.65208333,39,13.85208333,81.11739943
KHAIRTHABAD,08-02-2023,0.70875,7.03375,14.52416667,74.4725,48.9175,55.92458333,9.7675,2023,2,8,Wednesday,,81.27439655,74.4725,8.7921875,12.209375,35.4375,14.52416667,81.27439655
KHAIRTHABAD,09-02-2023,0.95875,6.61375,11.73416667,71.66416667,46.47208333,47.48208333,10.2475,2023,2,9,Thursday,,77.14248563,71.66416667,8.2671875,12.809375,47.9375,11.73416667,77.14248563
KHAIRTHABAD,10-02-2023,1.368085106,6.566382979,13.17744681,73.16531915,47.96531915,37.88765957,10.11234043,2023,2,10,Friday,,79.66553925,73.16531915,8.207978723,12.64042553,69.03617021,13.17744681,79.66553925
KHAIRTHABAD,11-02-2023,1.85,4.6236,10.5948,73.2376,47.0224,34.6808,9.9056,2023,2,11,Saturday,,78.07233103,73.2376,5.7795,12.382,92.65,10.5948,92.65
KHAIRTHABAD,12-02-2023,1.908333333,2.394166667,12.22625,75.40666667,50.90208333,36.49708333,8.937916667,2023,2,12,Sunday,,84.62765805,75.40666667,2.992708333,11.17239583,95.50833333,12.22625,95.50833333
KHAIRTHABAD,13-02-2023,0.64,2.47,9.53,70.23,51.11,40.43,7.24,2023,2,13,Monday,,84.97896552,70.23,3.0875,9.05,32,9.53,84.97896552
KHAIRTHABAD,14-02-2023,1.01173913,5.276521739,14.36434783,71.08,46.51217391,25.55347826,9.354347826,2023,2,14,Tuesday,,77.21022489,71.08,6.595652174,11.69293478,51.57521739,14.36434783,77.21022489
KHAIRTHABAD,15-02-2023,1.516086957,6.016521739,9.90173913,84.22173913,52.08173913,27.65043478,9.974347826,2023,2,15,Wednesday,,86.62086957,84.22173913,7.520652174,12.46793478,76.28826087,9.90173913,86.62086957
KHAIRTHABAD,16-02-2023,1.778,7.974,12.1976,83.4608,57.6924,30.7248,10.6632,2023,2,16,Thursday,,96.10095172,83.4608,9.9675,13.329,89.122,12.1976,96.10095172
KHAIRTHABAD,17-02-2023,1.291111111,5.769444444,17.345,73.17,46.29611111,34.06277778,10.08277778,2023,2,17,Friday,,76.84515326,73.17,7.211805556,12.60347222,65.26444444,17.345,76.84515326
KHAIRTHABAD,18-02-2023,1.006956522,4.892173913,18.79130435,77.26478261,51.46565217,99.55565217,9.884347826,2023,2,18,Saturday,,85.57989505,77.26478261,6.115217391,12.35543478,51.34086957,18.79130435,85.57989505
KHAIRTHABAD,19-02-2023,0.538333333,4.877083333,11.38,72.85208333,47.48291667,138.81375,9.868333333,2023,2,19,Sunday,,78.8504454,72.85208333,6.096354167,12.33541667,26.91666667,11.38,78.8504454
KHAIRTHABAD,20-02-2023,0.750833333,6.352916667,12.71,75.28958333,49.68291667,61.755,9.505416667,2023,2,20,Monday,,82.56768678,75.28958333,7.941145833,11.88177083,37.54166667,12.71,82.56768678
KHAIRTHABAD,21-02-2023,0.977916667,8.22875,12.77583333,73.23875,48.59208333,80.29458333,9.81625,2023,2,21,Tuesday,,80.7245546,73.23875,10.2859375,12.2703125,48.89583333,12.77583333,80.7245546
KHAIRTHABAD,22-02-2023,1.22625,9.632083333,15.35916667,74.35041667,50.31833333,78.08625,10.02875,2023,2,22,Wednesday,,83.64132184,74.35041667,12.04010417,12.5359375,62.08625,15.35916667,83.64132184
KHAIRTHABAD,23-02-2023,0.870416667,9.957083333,15.60041667,77.39875,56.57,49.85625,9.080416667,2023,2,23,Thursday,,94.20448276,77.39875,12.44635417,11.35052083,43.52083333,15.60041667,94.20448276
KHAIRTHABAD,24-02-2023,0.783333333,9.88375,14.41958333,73.30375,47.90416667,89.94208333,9.14,2023,2,24,Friday,,79.56221264,73.30375,12.3546875,11.425,39.16666667,14.41958333,79.56221264
KHAIRTHABAD,25-02-2023,1.215416667,9.938333333,12.24583333,73.01541667,47.095,89.85375,10.07166667,2023,2,25,Saturday,,78.195,73.01541667,12.42291667,12.58958333,61.55541667,12.24583333,78.195
KHAIRTHABAD,26-02-2023,1.233333333,9.624166667,15.63458333,73.13291667,51.1725,91.30916667,10.3925,2023,2,26,Sunday,,85.08456897,73.13291667,12.03020833,12.990625,62.43333333,15.63458333,85.08456897
KHAIRTHABAD,27-02-2023,0.5,10.06708333,18.86291667,77.08208333,51.89125,74.51791667,10.09958333,2023,2,27,Monday,,86.29900862,77.08208333,12.58385417,12.62447917,25,18.86291667,86.29900862
KHAIRTHABAD,28-02-2023,0.514166667,8.769166667,10.86916667,73.50708333,47.01416667,84.88291667,10.07208333,2023,2,28,Tuesday,,78.05841954,73.50708333,10.96145833,12.59010417,25.70833333,10.86916667,78.05841954
KOKAPET,01-02-2023,0.673913043,4.080869565,8.85173913,99.40956522,56.47695652,40.61,6.233913043,2023,2,1,Wednesday,,94.04727136,99.40956522,5.101086957,7.792391304,33.69565217,8.85173913,99.40956522
KOKAPET,02-02-2023,0.777083333,4.3375,8.333333333,94.87416667,52.6075,27.69208333,7.9325,2023,2,2,Thursday,,87.50922414,94.87416667,5.421875,9.915625,38.85416667,8.333333333,94.87416667
KOKAPET,03-02-2023,0.968333333,5.334583333,12.53625,89.23958333,46.15041667,18.33291667,9.856666667,2023,2,3,Friday,,76.59897989,89.23958333,6.668229167,12.32083333,48.41666667,12.53625,89.23958333
KOKAPET,04-02-2023,0.880416667,5.967083333,10.79583333,95.39291667,53.02916667,28.9875,10.36666667,2023,2,4,Saturday,,88.2216954,95.39291667,7.458854167,12.95833333,44.02083333,10.79583333,95.39291667
KOKAPET,05-02-2023,0.7625,6.68875,10.17166667,93.825,51.69791667,29.73333333,10.90041667,2023,2,5,Sunday,,85.97234195,93.825,8.3609375,13.62552083,38.125,10.17166667,93.825
KOKAPET,06-02-2023,0.759166667,6.678333333,10.51416667,92.22791667,50.10166667,36.29583333,10.87541667,2023,2,6,Monday,,83.27522989,92.22791667,8.347916667,13.59427083,37.95833333,10.51416667,92.22791667
KOKAPET,07-02-2023,0.760909091,6.695909091,7.563636364,100.9259091,52.73318182,40.57136364,10.915,2023,2,7,Tuesday,,87.72158307,100.9507718,8.369886364,13.64375,38.04545455,7.563636364,100.9507718
KOKAPET,08-02-2023,0.833333333,6.685833333,12.59958333,106.2366667,58.43333333,37.43041667,10.50791667,2023,2,8,Wednesday,,97.35287356,104.479396,8.357291667,13.13489583,41.66666667,12.59958333,104.479396
KOKAPET,09-02-2023,0.90125,6.199166667,11.72041667,112.2541667,60.51833333,34.64666667,9.126666667,2023,2,9,Thursday,,99.35568966,108.4776007,7.748958333,11.40833333,45.0625,11.72041667,108.4776007
KOKAPET,10-02-2023,0.815,6.096666667,10.345,104.18375,50.505,29.28166667,9.017916667,2023,2,10,Friday,,83.95672414,103.1153775,7.620833333,11.27239583,40.75,10.345,103.1153775
KOKAPET,11-02-2023,0.795,6.549166667,10.58041667,104.1583333,51.16875,29.03583333,9.525,2023,2,11,Saturday,,85.07823276,103.0984899,8.186458333,11.90625,39.75,10.58041667,103.0984899
KOKAPET,12-02-2023,0.76625,4.48125,10.17041667,108.70375,54.35083333,26.92625,7.440416667,2023,2,12,Sunday,,90.45485632,106.118599,5.6015625,9.300520833,38.3125,10.17041667,106.118599
KOKAPET,13-02-2023,0.678333333,2.982916667,12.92166667,100.4625,47.45416667,18.245,7.068333333,2023,2,13,Monday,,78.80186782,100.6428691,3.728645833,8.835416667,33.91666667,12.92166667,100.6428691
KOKAPET,14-02-2023,0.836666667,3.929166667,4.91,99.81666667,45.80833333,34.605,9.215833333,2023,2,14,Tuesday,,76.02097701,99.81666667,4.911458333,11.51979167,41.83333333,4.91,99.81666667
KOKAPET,15-02-2023,0.709090909,8.411818182,13.97363636,104.8490909,76.84727273,10.07818182,6.326363636,2023,2,15,Wednesday,,155.0993103,103.5574497,10.51477273,7.907954545,35.45454545,13.97363636,155.0993103
KOKAPET,16-02-2023,0.830833333,8.885416667,10.51083333,69.45333333,22.1775,22.93041667,8.162916667,2023,2,16,Thursday,,36.9625,69.45333333,11.10677083,10.20364583,41.54166667,10.51083333,69.45333333
KOKAPET,17-02-2023,0.83125,7.515,11.62125,69.07916667,49.43208333,23.14125,9.904583333,2023,2,17,Friday,,82.14386494,69.07916667,9.39375,12.38072917,41.5625,11.62125,82.14386494
KOKAPET,18-02-2023,0.921666667,7.292083333,16.985,77.62958333,23.24,30.17041667,10.57791667,2023,2,18,Saturday,,38.73333333,77.62958333,9.115104167,13.22239583,46.08333333,16.985,77.62958333
KOKAPET,19-02-2023,0.918333333,7.312916667,14.26875,64.335,42.91083333,39.17958333,10.55875,2023,2,19,Sunday,,71.12520115,64.335,9.141145833,13.1984375,45.91666667,14.26875,71.12520115
KOKAPET,20-02-2023,0.894090909,6.954545455,13.77,44.28272727,38.62227273,36.07363636,11.02772727,2023,2,20,Monday,,63.87901254,44.28272727,8.693181818,13.78465909,44.70454545,13.77,63.87901254
KOKAPET,21-02-2023,0.871666667,6.555,15.83,105.5675,41.8925,90.73666667,11.53,2023,2,21,Tuesday,,69.40456897,104.0347819,8.19375,14.4125,43.58333333,15.83,104.0347819
KOKAPET,22-02-2023,0.823333333,6.437083333,14.61875,85.20958333,71.74958333,28.41333333,12.49333333,2023,2,22,Wednesday,,137.6968534,85.20958333,8.046354167,15.61666667,41.16666667,14.61875,137.6968534
KOKAPET,23-02-2023,0.8,7.830833333,11.23708333,81.98875,72.15166667,29.01666667,13.85916667,2023,2,23,Thursday,,139.0694828,81.98875,9.788541667,17.32395833,40,11.23708333,139.0694828
KOKAPET,24-02-2023,0.814166667,9.235416667,16.96833333,82.99,73.855,29.31416667,14.77583333,2023,2,24,Friday,,144.8843103,82.99,11.54427083,18.46979167,40.70833333,16.96833333,144.8843103
KOKAPET,25-02-2023,0.872083333,9.08,10.84208333,84.91166667,67.51666667,23.03166667,15.07,2023,2,25,Saturday,,123.2465517,84.91166667,11.35,18.8375,43.60416667,10.84208333,123.2465517
KOKAPET,26-02-2023,0.989583333,8.876666667,12.135,84.75208333,55.505,21.46458333,6.525833333,2023,2,26,Sunday,,92.405,84.75208333,11.09583333,8.157291667,49.47916667,12.135,92.405
KOKAPET,27-02-2023,0.88125,9.374166667,13.445,80.03666667,50.54375,19.50208333,13.4825,2023,2,27,Monday,,84.02219828,80.03666667,11.71770833,16.853125,44.0625,13.445,84.02219828
KOKAPET,28-02-2023,0.7675,9.869166667,12.14166667,80.21791667,50.4175,23.28125,13.59541667,2023,2,28,Tuesday,,83.80887931,80.21791667,12.33645833,16.99427083,38.375,12.14166667,83.80887931
KOMPALLY,01-02-2023,0.818666667,2.657333333,15.57933333,85.91333333,41.79866667,46.86866667,6.161333333,2023,2,1,Wednesday,,69.24602299,85.91333333,3.321666667,7.701666667,40.93333333,15.57933333,85.91333333
KOMPALLY,02-02-2023,0.872083333,3.18125,7.430416667,51.49458333,25.33458333,44.76,6.274166667,2023,2,2,Thursday,,42.22430556,51.49458333,3.9765625,7.842708333,43.60416667,7.430416667,51.49458333
KOMPALLY,03-02-2023,0.85375,3.125416667,14.415,61.7775,37.63458333,30.53833333,6.197083333,2023,2,3,Friday,,62.21015805,61.7775,3.906770833,7.746354167,42.6875,14.415,62.21015805
KOMPALLY,04-02-2023,0.8,4.27,10.99916667,64.74208333,44.9825,36.86166667,7.075833333,2023,2,4,Saturday,,74.62560345,64.74208333,5.3375,8.844791667,40,10.99916667,74.62560345
KOMPALLY,05-02-2023,0.770416667,5.2225,8.7425,63.90166667,42.62541667,37.65041667,7.779166667,2023,2,5,Sunday,,70.6429454,63.90166667,6.528125,9.723958333,38.52083333,8.7425,70.6429454
KOMPALLY,06-02-2023,0.72125,3.840833333,10.49333333,69.40875,49.31916667,45.99791667,7.8775,2023,2,6,Monday,,81.95307471,69.40875,4.801041667,9.846875,36.0625,10.49333333,81.95307471
KOMPALLY,07-02-2023,0.755,3.835652174,9.263478261,70.28130435,42.44782609,54.90826087,6.635652174,2023,2,7,Tuesday,,70.34287856,70.28130435,4.794565217,8.294565217,37.75,9.263478261,70.34287856
KOMPALLY,08-02-2023,0.775833333,3.43875,8.278333333,65.88583333,44.402,53.79958333,6.761666667,2023,2,8,Wednesday,,73.64475862,65.88583333,4.2984375,8.452083333,38.79166667,8.278333333,73.64475862
KOMPALLY,09-02-2023,0.793333333,3.890416667,8.5225,64.06708333,23.7475,44.68666667,6.230833333,2023,2,9,Thursday,,39.57916667,64.06708333,4.863020833,7.788541667,39.66666667,8.5225,64.06708333
KOMPALLY,10-02-2023,0.824166667,4.814583333,9.829583333,62.13541667,20.97208333,31.74833333,7.02125,2023,2,10,Friday,,34.95347222,62.13541667,6.018229167,8.7765625,41.20833333,9.829583333,62.13541667
KOMPALLY,11-02-2023,0.719166667,3.540833333,9.057083333,64.86583333,27.5025,30.25041667,6.22875,2023,2,11,Saturday,,45.8375,64.86583333,4.426041667,7.7859375,35.95833333,9.057083333,64.86583333
KOMPALLY,12-02-2023,0.817272727,2.728181818,9.854090909,54.15772727,33.60318182,36.47818182,4.45,2023,2,12,Sunday,,55.39847962,54.15772727,3.410227273,5.5625,40.86363636,9.854090909,55.39847962
KOMPALLY,13-02-2023,0.788947368,2.960526316,12.12368421,53.16842105,29.69315789,37.84157895,6.197894737,2023,2,13,Monday,,49.48859649,53.16842105,3.700657895,7.747368421,39.44736842,12.12368421,53.16842105
KOMPALLY,14-02-2023,0.83,6.982105263,9.447368421,59.42157895,25.44947368,28.11315789,6.863684211,2023,2,14,Tuesday,,42.41578947,59.42157895,8.727631579,8.579605263,41.5,9.447368421,59.42157895
KOMPALLY,15-02-2023,0.835,7.087857143,13.89,61.47357143,32.42285714,25.38357143,8.533571429,2023,2,15,Wednesday,,53.40413793,61.47357143,8.859821429,10.66696429,41.75,13.89,61.47357143
KOMPALLY,16-02-2023,0.830434783,7.333478261,16.13304348,57.17,27.64173913,25.76782609,8.573478261,2023,2,16,Thursday,,46.06956522,57.17,9.166847826,10.71684783,41.52173913,16.13304348,57.17
KOMPALLY,17-02-2023,0.850416667,7.219166667,10.01625,62.68833333,39.07347826,29.10333333,8.047916667,2023,2,17,Friday,,64.6413943,62.68833333,9.023958333,10.05989583,42.52083333,10.01625,64.6413943
KOMPALLY,18-02-2023,0.87125,7.1225,11.90458333,57.22833333,28.80583333,44.15666667,7.52125,2023,2,18,Saturday,,48.00972222,57.22833333,8.903125,9.4015625,43.5625,11.90458333,57.22833333
KOMPALLY,19-02-2023,0.871666667,7.096666667,9.995416667,55.02041667,27.21875,54.44666667,7.5175,2023,2,19,Sunday,,45.36458333,55.02041667,8.870833333,9.396875,43.58333333,9.995416667,55.02041667
KOMPALLY,20-02-2023,0.767916667,6.162916667,12.39083333,56.7475,26.83583333,27.48666667,8.033333333,2023,2,20,Monday,,44.72638889,56.7475,7.703645833,10.04166667,38.39583333,12.39083333,56.7475
KOMPALLY,21-02-2023,0.640833333,4.352083333,13.06916667,61.71666667,31.13125,37.20416667,7.71125,2023,2,21,Tuesday,,51.22176724,61.71666667,5.440104167,9.6390625,32.04166667,13.06916667,61.71666667
KOMPALLY,22-02-2023,0.660416667,4.592916667,14.72625,61.36666667,30.57208333,36.78916667,5.869583333,2023,2,22,Wednesday,,50.27696839,61.36666667,5.741145833,7.336979167,33.02083333,14.72625,61.36666667
KOMPALLY,23-02-2023,0.801666667,7.3975,12.01041667,60.44125,31.52833333,37.90041667,7.455833333,2023,2,23,Thursday,,51.89270115,60.44125,9.246875,9.319791667,40.08333333,12.01041667,60.44125
KOMPALLY,24-02-2023,0.80625,7.967916667,17.55625,61.28708333,31.42208333,38.27875,8.8725,2023,2,24,Friday,,51.71317529,61.28708333,9.959895833,11.090625,40.3125,17.55625,61.28708333
KOMPALLY,25-02-2023,0.730833333,8.6375,13.19791667,58.41666667,29.14375,29.86666667,9.709583333,2023,2,25,Saturday,,48.57291667,58.41666667,10.796875,12.13697917,36.54166667,13.19791667,58.41666667
KOMPALLY,26-02-2023,0.733333333,8.57875,7.980416667,59.10458333,29.40333333,29.09625,9.69125,2023,2,26,Sunday,,49.00555556,59.10458333,10.7234375,12.1140625,36.66666667,7.980416667,59.10458333
KOMPALLY,27-02-2023,0.770555556,8.809444444,11.35555556,58.515,30.58055556,31.13555556,9.864444444,2023,2,27,Monday,,50.29128352,58.515,11.01180556,12.33055556,38.52777778,11.35555556,58.515
MALAKPET,01-02-2023,0.839565217,6.120434783,12.4126087,108.0678261,46.98869565,44.28391304,10.09521739,2023,2,1,Wednesday,,78.01538231,105.6960724,7.650543478,12.61902174,41.97826087,12.4126087,105.6960724
MALAKPET,02-02-2023,0.845416667,6.641666667,13.05416667,95.38666667,28.05791667,35.24125,10.51,2023,2,2,Thursday,,46.76319444,95.38666667,8.302083333,13.1375,42.27083333,13.05416667,95.38666667
MALAKPET,03-02-2023,0.935416667,6.262916667,11.67,90.12791667,24.83791667,23.46,10.74458333,2023,2,3,Friday,,41.39652778,90.12791667,7.828645833,13.43072917,46.77083333,11.67,90.12791667
MALAKPET,04-02-2023,0.939166667,5.79875,14.09125,93.88083333,35.89958333,31.10833333,10.32708333,2023,2,4,Saturday,,59.27860632,93.88083333,7.2484375,12.90885417,46.95833333,14.09125,93.88083333
MALAKPET,05-02-2023,0.8725,5.50625,15.84291667,95.35,38.02708333,31.49041667,10.81041667,2023,2,5,Sunday,,62.8733477,95.35,6.8828125,13.51302083,43.625,15.84291667,95.35
MALAKPET,06-02-2023,0.929583333,5.765416667,14.055,96.9625,40.82541667,41.12291667,10.34583333,2023,2,6,Monday,,67.60156609,96.9625,7.206770833,12.93229167,46.47916667,14.055,96.9625
MALAKPET,07-02-2023,1.065416667,6.445,10.65041667,94.96583333,34.56791667,44.05625,10.19166667,2023,2,7,Tuesday,,57.02854885,94.96583333,8.05625,12.73958333,54.20541667,10.65041667,94.96583333
MALAKPET,08-02-2023,0.9,6.860416667,11.57383333,99.07666667,36.9775,44.15833333,10.17083333,2023,2,8,Wednesday,,61.09991379,99.07666667,8.575520833,12.71354167,45,11.57383333,99.07666667
MALAKPET,09-02-2023,0.912222222,6.196666667,12.64388889,100.5338889,42.56722222,40.84166667,10.03333333,2023,2,9,Thursday,,70.54461686,100.690302,7.745833333,12.54166667,45.61111111,12.64388889,100.690302
MALAKPET,10-02-2023,0.997857143,5.355714286,10.52285714,98.06214286,51.58071429,16.26857143,9.553571429,2023,2,10,Friday,,85.77431034,98.06214286,6.694642857,11.94196429,49.89285714,10.52285714,98.06214286
MALAKPET,11-02-2023,1.07625,4.345416667,10.04541667,94.49041667,60.29375,26.01708333,9.411666667,2023,2,11,Saturday,,98.58900862,94.49041667,5.431770833,11.76458333,54.73625,10.04541667,98.58900862
MALAKPET,12-02-2023,1.304583333,3.084583333,10.71166667,95.51375,60.03,26.92958333,8.230416667,2023,2,12,Sunday,,97.68862069,95.51375,3.855729167,10.28802083,65.92458333,10.71166667,97.68862069
MALAKPET,13-02-2023,1.004166667,5.92,8.034166667,92.15916667,43.64916667,22.06708333,7.987083333,2023,2,13,Monday,,72.37272989,92.15916667,7.4,9.983854167,51.20416667,8.034166667,92.15916667
MALAKPET,14-02-2023,1.14375,3.39625,14.04208333,91.2875,41.87333333,22.1125,7.9775,2023,2,14,Tuesday,,69.37218391,91.2875,4.2453125,9.971875,58.04375,14.04208333,91.2875
MALAKPET,15-02-2023,1.442916667,8.44125,12.84375,95.89708333,49.08458333,21.55833333,9.020416667,2023,2,15,Wednesday,,81.55670977,95.89708333,10.5515625,11.27552083,72.70291667,12.84375,95.89708333
MALAKPET,16-02-2023,1.569166667,10.44458333,16.82166667,106.6978261,40.93043478,25.15708333,10.05,2023,2,16,Thursday,,67.77901049,104.7858039,13.05572917,12.5625,78.88916667,16.82166667,104.7858039
MALAKPET,17-02-2023,1.515833333,8.69625,14.07166667,97.35916667,34.33625,21.96125,10.28708333,2023,2,17,Friday,,56.63711207,97.35916667,10.8703125,12.85885417,76.27583333,14.07166667,97.35916667
MALAKPET,18-02-2023,0.9425,6.970416667,18.40916667,94.02666667,27.34916667,35.13416667,10.55,2023,2,18,Saturday,,45.58194444,94.02666667,8.713020833,13.1875,47.125,18.40916667,94.02666667
MALAKPET,19-02-2023,0.785416667,7.455833333,12.76166667,92.34,26.465,44.09541667,9.043333333,2023,2,19,Sunday,,44.10833333,92.34,9.319791667,11.30416667,39.27083333,12.76166667,92.34
MALAKPET,20-02-2023,0.965416667,8.140416667,16.31625,91.44208333,23.87583333,38.38541667,7.238333333,2023,2,20,Monday,,39.79305556,91.44208333,10.17552083,9.047916667,48.27083333,16.31625,91.44208333
MALAKPET,21-02-2023,1.244166667,8.802083333,15.62291667,104.7916667,46.75083333,31.08333333,8.609583333,2023,2,21,Tuesday,,77.61347701,103.5192953,11.00260417,10.76197917,62.96416667,15.62291667,103.5192953
MALAKPET,22-02-2023,1.037916667,8.084583333,16.30166667,93.1275,36.96625,28.24625,9.932916667,2023,2,22,Wednesday,,61.08090517,93.1275,10.10572917,12.41614583,52.85791667,16.30166667,93.1275
MALAKPET,23-02-2023,0.881666667,8.523333333,16.21625,85.19375,33.88958333,27.725,8.839166667,2023,2,23,Thursday,,55.88239943,85.19375,10.65416667,11.04895833,44.08333333,16.21625,85.19375
MALAKPET,24-02-2023,0.91375,8.585,15.52875,91.63708333,48.05708333,30.49208333,9.3375,2023,2,24,Friday,,79.82058908,91.63708333,10.73125,11.671875,45.6875,15.52875,91.63708333
MALAKPET,25-02-2023,1.0025,8.11375,14.5775,85.65375,35.79304348,24.19041667,9.275833333,2023,2,25,Saturday,,59.0985907,85.65375,10.1421875,11.59479167,51.1225,14.5775,85.65375
MALAKPET,26-02-2023,1.092083333,9.86125,14.72,81.265,29.09666667,23.96708333,8.947916667,2023,2,26,Sunday,,48.49444444,81.265,12.3265625,11.18489583,55.51208333,14.72,81.265
MALAKPET,27-02-2023,0.853333333,9.020416667,15.25166667,90.99583333,44.32375,86.97875,9.699583333,2023,2,27,Monday,,73.5125431,90.99583333,11.27552083,12.12447917,42.66666667,15.25166667,90.99583333
MALAKPET,28-02-2023,0.847916667,8.853333333,16.055,79.96875,27.35916667,33.16375,10.005,2023,2,28,Tuesday,,45.59861111,79.96875,11.06666667,12.50625,42.39583333,16.055,79.96875
NACHARAM ,01-02-2023,0.664347826,8.169130435,12.66217391,104.4834783,27.32130435,56.10695652,6.63,2023,2,1,Wednesday,,45.53550725,103.3145258,10.21141304,8.2875,33.2173913,12.66217391,103.3145258
NACHARAM ,02-02-2023,0.46,6.377916667,12.08416667,106.7208333,49.35958333,45.61916667,8.354583333,2023,2,2,Thursday,,82.02136494,104.8010906,7.972395833,10.44322917,23,12.08416667,104.8010906
NACHARAM ,03-02-2023,0.72625,6.25125,13.05458333,85.07333333,41.37541667,31.93375,6.987083333,2023,2,3,Friday,,68.53087644,85.07333333,7.8140625,8.733854167,36.3125,13.05458333,85.07333333
NACHARAM ,04-02-2023,1.085833333,7.093333333,10.91541667,95.53875,34.65083333,40.41083333,4.124166667,2023,2,4,Saturday,,57.16864943,95.53875,8.866666667,5.155208333,55.20583333,10.91541667,95.53875
NACHARAM ,05-02-2023,0.97125,6.735,12.34916667,95.23416667,38.71625,42.06541667,5.747916667,2023,2,5,Sunday,,64.03780172,95.23416667,8.41875,7.184895833,48.5625,12.34916667,95.23416667
NACHARAM ,06-02-2023,0.911666667,8.465833333,12.65875,102.3733333,41.52916667,53.31208333,6.845833333,2023,2,6,Monday,,68.79066092,101.9124832,10.58229167,8.557291667,45.58333333,12.65875,101.9124832
NACHARAM ,07-02-2023,0.59375,7.870833333,11.6175,97.54666667,40.23375,58.98708333,7.373333333,2023,2,7,Tuesday,,66.60185345,97.54666667,9.838541667,9.216666667,29.6875,11.6175,97.54666667
NACHARAM ,08-02-2023,0.655833333,7.247083333,13.28708333,78.16083333,28.90125,59.23875,7.047083333,2023,2,8,Wednesday,,48.16875,78.16083333,9.058854167,8.808854167,32.79166667,13.28708333,78.16083333
NACHARAM ,09-02-2023,0.956666667,6.688333333,10.76041667,87.79708333,33.99208333,50.885,5.847083333,2023,2,9,Thursday,,56.05558908,87.79708333,8.360416667,7.308854167,47.83333333,10.76041667,87.79708333
NACHARAM ,10-02-2023,1.032916667,6.85625,12.47166667,81.4975,39.39125,38.04666667,6.670416667,2023,2,10,Friday,,65.17831897,81.4975,8.5703125,8.338020833,52.61291667,12.47166667,81.4975
NACHARAM ,11-02-2023,1.242083333,8.2475,12.84333333,85.43791667,35.43,35.61666667,7.10375,2023,2,11,Saturday,,58.48517241,85.43791667,10.309375,8.8796875,62.86208333,12.84333333,85.43791667
NACHARAM ,12-02-2023,1.151666667,7.635416667,12.55541667,101.2975,30.65708333,36.64791667,7.616666667,2023,2,12,Sunday,,50.42058908,101.1976678,9.544270833,9.520833333,58.43166667,12.55541667,101.1976678
NACHARAM ,13-02-2023,0.392083333,7.7425,14.48333333,105.58125,33.31833333,30.37125,6.20875,2023,2,13,Monday,,54.91718391,104.0439178,9.678125,7.7609375,19.60416667,14.48333333,104.0439178
NACHARAM ,14-02-2023,0.696666667,7.685833333,12.16083333,93.7325,28.63833333,30.28041667,7.124583333,2023,2,14,Tuesday,,47.73055556,93.7325,9.607291667,8.905729167,34.83333333,12.16083333,93.7325
NACHARAM ,15-02-2023,0.86875,7.105833333,16.03416667,90.72541667,45.835,29.20541667,7.34125,2023,2,15,Wednesday,,76.06603448,90.72541667,8.882291667,9.1765625,43.4375,16.03416667,90.72541667
NACHARAM ,16-02-2023,0.70125,8.1075,14.645,82.39291667,33.2825,30.48666667,9.250416667,2023,2,16,Thursday,,54.85663793,82.39291667,10.134375,11.56302083,35.0625,14.645,82.39291667
NACHARAM ,17-02-2023,1.107916667,8.419583333,11.76125,95.23125,28.52875,28.80416667,8.805833333,2023,2,17,Friday,,47.54791667,95.23125,10.52447917,11.00729167,56.28791667,11.76125,95.23125
NACHARAM ,18-02-2023,1.05,7.877083333,14.25875,97.00666667,36.24875,48.62458333,7.62125,2023,2,18,Saturday,,59.86857759,97.00666667,9.846354167,9.5265625,53.45,14.25875,97.00666667
NACHARAM ,19-02-2023,0.687916667,7.863333333,12.7275,90.17791667,42.52291667,60.83416667,7.09125,2023,2,19,Sunday,,70.46975575,90.17791667,9.829166667,8.8640625,34.39583333,12.7275,90.17791667
NACHARAM ,20-02-2023,0.823333333,7.277083333,15.78333333,92.78458333,39.5025,53.97625,8.187916667,2023,2,20,Monday,,65.3662931,92.78458333,9.096354167,10.23489583,41.16666667,15.78333333,92.78458333
NACHARAM ,21-02-2023,1.034166667,7.075416667,15.88083333,105.72125,43.84625,43.63541667,6.985833333,2023,2,21,Tuesday,,72.70573276,104.1369379,8.844270833,8.732291667,52.67416667,15.88083333,104.1369379
NACHARAM ,22-02-2023,1.435416667,7.14125,11.93458333,98.925,37.70625,42.48541667,6.083333333,2023,2,22,Wednesday,,62.33125,98.925,8.9265625,7.604166667,72.33541667,11.93458333,98.925
NACHARAM ,23-02-2023,1.225833333,7.1675,11.80125,88.55208333,31.335,42.66583333,6.254583333,2023,2,23,Thursday,,51.56603448,88.55208333,8.959375,7.818229167,62.06583333,11.80125,88.55208333
NACHARAM ,24-02-2023,1.193333333,6.860555556,13.17611111,75.86444444,30.53388889,46.31388889,5.771111111,2023,2,24,Friday,,50.21243295,75.86444444,8.575694444,7.213888889,60.47333333,13.17611111,75.86444444
NACHARAM ,25-02-2023,1.023478261,6.537826087,13.94521739,102.483913,32.34869565,36.0026087,7.596521739,2023,2,25,Saturday,,53.27883058,101.9859556,8.172282609,9.495652174,52.15043478,13.94521739,101.9859556
NACHARAM ,26-02-2023,1.192666667,7.811333333,12.08266667,98.814,29.33666667,38.938,6.460666667,2023,2,26,Sunday,,48.89444444,98.814,9.764166667,8.075833333,60.44066667,12.08266667,98.814
NACHARAM ,28-02-2023,0.43,6.244347826,15.77695652,90.15130435,30.67608696,44.04565217,9.968695652,2023,2,28,Tuesday,,50.45269865,90.15130435,7.805434783,12.46086957,21.5,15.77695652,90.15130435
SYMPHONY,01-02-2023,0.90173913,2.753913043,7.74826087,71.67652174,43.02217391,42.58521739,7.035217391,2023,2,1,Wednesday,,71.31332834,71.67652174,3.442391304,8.794021739,45.08695652,7.74826087,71.67652174
SYMPHONY,02-02-2023,0.85125,2.68625,7.41625,54.57416667,34.57458333,31.85041667,7.376666667,2023,2,2,Thursday,,57.03981322,54.57416667,3.3578125,9.220833333,42.5625,7.41625,57.03981322
SYMPHONY,03-02-2023,0.727083333,4.127916667,8.8925,50.39916667,30.26083333,31.89583333,8.00125,2023,2,3,Friday,,49.75106322,50.39916667,5.159895833,10.0015625,36.35416667,8.8925,50.39916667
SYMPHONY,04-02-2023,0.690833333,6.095,6.769583333,52.87541667,34.45666667,32.04708333,7.910416667,2023,2,4,Saturday,,56.84057471,52.87541667,7.61875,9.888020833,34.54166667,6.769583333,56.84057471
SYMPHONY,05-02-2023,0.7975,3.950833333,10.07416667,51.315,32.16875,31.43083333,7.662083333,2023,2,5,Sunday,,52.97478448,51.315,4.938541667,9.577604167,39.875,10.07416667,52.97478448
SYMPHONY,06-02-2023,0.78375,2.912083333,9.7575,54.95875,34.81666667,39.11041667,5.739166667,2023,2,6,Monday,,57.44885057,54.95875,3.640104167,7.173958333,39.1875,9.7575,57.44885057
SYMPHONY,07-02-2023,0.704166667,2.45625,7.495,50.98291667,31.62625,41.67291667,6.647916667,2023,2,7,Tuesday,,52.05814655,50.98291667,3.0703125,8.309895833,35.20833333,7.495,52.05814655
SYMPHONY,08-02-2023,0.668888889,2.83,7.837777778,50.43722222,30.47666667,43.43833333,7.530555556,2023,2,8,Wednesday,,50.11574713,50.43722222,3.5375,9.413194444,33.44444444,7.837777778,50.43722222
SYMPHONY,09-02-2023,0.713478261,2.626086957,10.5626087,62.52695652,38.23090909,35.04217391,6.319130435,2023,2,9,Thursday,,63.21774295,62.52695652,3.282608696,7.898913043,35.67391304,10.5626087,63.21774295
SYMPHONY,10-02-2023,0.689583333,2.664166667,8.652083333,52.16541667,26.61375,32.95375,7.1625,2023,2,10,Friday,,44.35625,52.16541667,3.330208333,8.953125,34.47916667,8.652083333,52.16541667
SYMPHONY,11-02-2023,0.723333333,3.029583333,8.135416667,51.5575,26.57916667,34.24041667,8.5025,2023,2,11,Saturday,,44.29861111,51.5575,3.786979167,10.628125,36.16666667,8.135416667,51.5575
SYMPHONY,12-02-2023,0.699166667,3.700833333,7.772083333,54.18291667,28.1675,33.28625,8.81875,2023,2,12,Sunday,,46.94583333,54.18291667,4.626041667,11.0234375,34.95833333,7.772083333,54.18291667
SYMPHONY,13-02-2023,0.611666667,3.63625,7.81875,46.33416667,21.58708333,24.69708333,8.257916667,2023,2,13,Monday,,35.97847222,46.33416667,4.5453125,10.32239583,30.58333333,7.81875,46.33416667
SYMPHONY,14-02-2023,1.46,3.517916667,13.34875,58.45,38.58869565,32.66875,8.913333333,2023,2,14,Tuesday,,63.82227886,58.45,4.397395833,11.14166667,73.54,13.34875,73.54
SYMPHONY,15-02-2023,0.927083333,7.499583333,10.78708333,56.02833333,37.48875,29.52583333,11.47541667,2023,2,15,Wednesday,,61.96375,56.02833333,9.374479167,14.34427083,46.35416667,10.78708333,61.96375
SYMPHONY,16-02-2023,1.147083333,7.605416667,12.70083333,53.51041667,34.97541667,31.46541667,11.09333333,2023,2,16,Thursday,,57.71708333,53.51041667,9.506770833,13.86666667,58.20708333,12.70083333,58.20708333
SYMPHONY,17-02-2023,0.824166667,6.925,15.04041667,58.44125,35.35875,30.05833333,9.0325,2023,2,17,Friday,,58.36478448,58.44125,8.65625,11.290625,41.20833333,15.04041667,58.44125
SYMPHONY,18-02-2023,0.960833333,7.823333333,16.61208333,52.1425,32.03041667,34.35583333,7.59875,2023,2,18,Saturday,,52.74104885,52.1425,9.779166667,9.4984375,48.04166667,16.61208333,52.74104885
SYMPHONY,19-02-2023,1.0225,7.245,14.53458333,46.90791667,29.30416667,41.82083333,10.83833333,2023,2,19,Sunday,,48.84027778,46.90791667,9.05625,13.54791667,52.1025,14.53458333,52.1025
SYMPHONY,20-02-2023,0.849166667,7.34125,6.88875,50.34416667,30.12208333,24.52916667,8.762083333,2023,2,20,Monday,,49.51662356,50.34416667,9.1765625,10.95260417,42.45833333,6.88875,50.34416667
SYMPHONY,21-02-2023,0.925,7.161666667,16.72666667,51.38291667,33.07291667,34.6125,8.217916667,2023,2,21,Tuesday,,54.50251437,51.38291667,8.952083333,10.27239583,46.25,16.72666667,54.50251437
SYMPHONY,22-02-2023,0.7225,5.555833333,18.62083333,54.61521739,38.24045455,29.14625,5.742083333,2023,2,22,Wednesday,,63.23387147,54.61521739,6.944791667,7.177604167,36.125,18.62083333,63.23387147
SYMPHONY,23-02-2023,0.769583333,6.600833333,10.27666667,47.94625,37.13458333,33.6375,7.284583333,2023,2,23,Thursday,,61.36533046,47.94625,8.251041667,9.105729167,38.47916667,10.27666667,61.36533046
SYMPHONY,24-02-2023,1.042916667,6.499583333,14.84083333,55.89761905,40.134,34.33291667,7.27875,2023,2,24,Friday,,66.43331034,55.89761905,8.124479167,9.0984375,53.10291667,14.84083333,66.43331034
SYMPHONY,25-02-2023,0.9375,6.605833333,16.61541667,46.10916667,27.07083333,26.82,9.160833333,2023,2,25,Saturday,,45.11805556,46.10916667,8.257291667,11.45104167,46.875,16.61541667,46.875
SYMPHONY,26-02-2023,0.915,7.281666667,15.7575,48.99833333,31.11833333,24.56083333,7.763333333,2023,2,26,Sunday,,51.19994253,48.99833333,9.102083333,9.704166667,45.75,15.7575,51.19994253
SYMPHONY,27-02-2023,0.55,6.235416667,15.44791667,57.42666667,29.05333333,24.40083333,8.054583333,2023,2,27,Monday,,48.42222222,57.42666667,7.794270833,10.06822917,27.5,15.44791667,57.42666667
SYMPHONY,28-02-2023,0.545833333,4.63375,14.02041667,56.23958333,38.65166667,24.68708333,8.614583333,2023,2,28,Tuesday,,63.92867816,56.23958333,5.7921875,10.76822917,27.29166667,14.02041667,63.92867816
Sanathnagar,01-02-2023,0.932697917,7.331216667,17.75433333,,75.04166667,54.91166667,3.371066667,2023,2,1,Wednesday,,148.9353448,0,9.164020833,4.213833333,46.63489583,17.75433333,148.9353448
Sanathnagar,02-02-2023,0.740910429,6.881583333,18.51383333,,39.33333333,47.74666667,3.159283292,2023,2,2,Thursday,,65.08045977,0,8.601979167,3.949104115,37.04552146,18.51383333,65.08045977
Sanathnagar,03-02-2023,0.797683338,10.46063333,18.13816667,,38.08333333,39.48833333,4.883024958,2023,2,3,Friday,,62.9683908,0,13.07579167,6.103781198,39.88416688,18.13816667,62.9683908
Sanathnagar,04-02-2023,1.164560417,11.32778333,18.44033333,,78.08333333,42.31083333,5.273841667,2023,2,4,Saturday,,159.3189655,0,14.15972917,6.592302083,59.06346042,18.44033333,159.3189655
Sanathnagar,05-02-2023,1.118283333,8.975433333,18.08916667,,54.79166667,43.50833333,4.122133333,2023,2,5,Sunday,,91.19971264,0,11.21929167,5.152666667,56.79588333,18.08916667,91.19971264
Sanathnagar,06-02-2023,1.041472917,8.056583333,19.37133333,,48.58333333,50.60125,3.6418,2023,2,6,Monday,,80.70977011,0,10.07072917,4.55225,53.03217292,19.37133333,80.70977011
Sanathnagar,07-02-2023,0.932220833,6.644233333,19.12633333,,46.625,54.13958333,2.964966667,2023,2,7,Tuesday,,77.40086207,0,8.305291667,3.706208333,46.61104167,19.12633333,77.40086207
Sanathnagar,08-02-2023,0.871154167,6.98185,19.80416667,,51.95833333,53.57666667,8.696216667,2023,2,8,Wednesday,,86.41235632,0,8.7273125,10.87027083,43.55770833,19.80416667,86.41235632
Sanathnagar,09-02-2023,0.986608338,8.251633333,19.943,,60.25,48.60958333,3.839391629,2023,2,9,Thursday,,98.43965517,0,10.31454167,4.799239536,49.33041688,19.943,98.43965517
Sanathnagar,10-02-2023,1.108741667,11.09670004,21.42933333,,58.29166667,41.8425,5.088258333,2023,2,10,Friday,,97.11350575,0,13.87087505,6.360322917,56.32834167,21.42933333,97.11350575
Sanathnagar,11-02-2023,1.457966667,15.61966667,20.678,,72.45833333,40.03583333,7.230108333,2023,2,11,Saturday,,140.1163793,0,19.52458333,9.037635417,73.44036667,20.678,140.1163793
Sanathnagar,12-02-2023,1.561016667,11.47661667,20.02466667,,71.125,42.19333333,5.196333333,2023,2,12,Sunday,,135.5646552,0,14.34577083,6.495416667,78.48981667,20.02466667,135.5646552
Sanathnagar,13-02-2023,0.706560417,4.66475,19.88583333,,23.25,39.62416667,2.110191667,2023,2,13,Monday,,38.75,0,5.8309375,2.637739583,35.32802083,19.88583333,38.75
Sanathnagar,14-02-2023,0.898347917,9.997683292,18.5465,,51.20833333,36.85041667,4.519499958,2023,2,14,Tuesday,,85.14511494,0,12.49710411,5.649374948,44.91739583,18.5465,85.14511494
Sanathnagar,15-02-2023,1.016664583,11.26903333,19.14266667,,58.375,36.23833333,5.155941708,2023,2,15,Wednesday,,97.25431034,0,14.08629167,6.444927135,51.81656458,19.14266667,97.25431034
Sanathnagar,16-02-2023,1.031454167,12.18161667,19.19166667,,70.16666667,36.69208333,5.371,2023,2,16,Thursday,,132.2931034,0,15.22702083,6.71375,52.54125417,19.19166667,132.2931034
Sanathnagar,17-02-2023,1.136889583,11.89256667,19.33866667,,87.58333333,37.945,5.445233375,2023,2,17,Friday,,191.75,0,14.86570833,6.806541719,57.70758958,19.33866667,191.75
Sanathnagar,18-02-2023,1.279060425,10.15748342,18.277,,69.33333333,46.905,4.633033292,2023,2,18,Saturday,,129.4482759,0,12.69685427,5.791291615,64.67396083,18.277,129.4482759
Sanathnagar,19-02-2023,0.882127083,7.394666708,18.09733333,,43.95833333,54.25625,3.277183333,2023,2,19,Sunday,,72.89511494,0,9.243333385,4.096479167,44.10635417,18.09733333,72.89511494
Sanathnagar,20-02-2023,1.0104625,9.372583292,18.85683333,,62.04166667,50.79583333,4.320816671,2023,2,20,Monday,,104.5560345,0,11.71572911,5.401020839,51.5126625,18.85683333,104.5560345
Sanathnagar,21-02-2023,1.055785421,10.37994996,19.14266667,,61.125,43.675,4.849183292,2023,2,21,Tuesday,,101.4267241,0,12.97493745,6.061479115,53.73348562,19.14266667,101.4267241
Sanathnagar,22-02-2023,1.446993754,13.84933333,19.87766667,,86.375,42.98708333,6.498691667,2023,2,22,Wednesday,,187.625,0,17.31166667,8.123364583,72.90269395,19.87766667,187.625
Sanathnagar,23-02-2023,1.168377083,8.940183292,20.335,,67.70833333,42.73291667,4.130866667,2023,2,23,Thursday,,123.9008621,0,11.17522911,5.163583333,59.25047708,20.335,123.9008621
Sanathnagar,24-02-2023,1.0992,10.63218333,19.93483333,,60.83333333,44.74875,4.822983333,2023,2,24,Friday,,100.4310345,0,13.29022917,6.028729167,55.8608,19.93483333,100.4310345
Sanathnagar,25-02-2023,1.082502083,12.10798338,21.32316667,,26.29166667,39.925,5.56095,2023,2,25,Saturday,,43.81944444,0,15.13497922,6.9511875,55.04260208,21.32316667,55.04260208
Sanathnagar,26-02-2023,1.525235417,12.09779996,19.38766667,,29.45833333,39.49166667,5.627541667,2023,2,26,Sunday,,49.09722222,0,15.12224995,7.034427083,76.73653542,19.38766667,76.73653542
Sanathnagar,27-02-2023,0.847300004,7.906183333,19.86133333,,17.875,39.49333333,3.6156,2023,2,27,Monday,,29.79166667,0,9.882729167,4.5195,42.36500021,19.86133333,42.36500021
Sanathnagar,28-02-2023,0.809610417,10.37603333,19.649,,16.33333333,42.91166667,4.962716667,2023,2,28,Tuesday,,27.22222222,0,12.97004167,6.203395833,40.48052083,19.649,40.48052083
Zoo Park,01-02-2023,1.218947917,35.71138333,14.77921667,289.875,131.7083333,62.09166667,5.474708333,2023,2,1,Wednesday,,309.2180233,239.875,44.63922917,6.843385417,61.72844792,14.77921667,309.2180233
Zoo Park,02-02-2023,0.922679175,39.68288333,14.57341667,235.0833333,93.08333333,52.24166667,4.335008333,2023,2,2,Thursday,,208.112069,190.0889262,49.60360417,5.418760417,46.13395875,14.57341667,208.112069
Zoo Park,03-02-2023,1.067235417,41.8817,14.53585,232.1666667,80.75,45.4875,4.908133333,2023,2,3,Friday,,168.4224138,188.1510067,52.10777692,6.135166667,54.29453542,14.53585,188.1510067
Zoo Park,04-02-2023,1.211314583,46.55585,15.13936667,322.0416667,115.4166667,52.45833333,3.9693,2023,2,4,Saturday,,284.3534483,272.0416667,57.98042692,4.961625,61.35441458,15.13936667,284.3534483
Zoo Park,05-02-2023,1.27810625,45.46388333,15.15325,296.25,118.2916667,53.85833333,4.1265,2023,2,5,Sunday,,294.1681034,246.25,56.6084688,5.158125,64.62720625,15.15325,294.1681034
Zoo Park,06-02-2023,0.999489587,42.25926667,15.04218333,262.9166667,98.29166667,59.025,4.010783333,2023,2,6,Monday,,225.8922414,212.9166667,52.58215556,5.013479167,49.97447938,15.04218333,225.8922414
Zoo Park,07-02-2023,0.8220146,37.50913333,15.2292,217.875,81.04166667,58.34583333,4.06755,2023,2,7,Tuesday,,169.4181034,178.6552013,46.88641667,5.0844375,41.10073,15.2292,178.6552013
Zoo Park,08-02-2023,0.866383338,37.49503333,15.54525,234.25,88.75,58,4.2837,2023,2,8,Wednesday,,195.7327586,189.5352349,46.86879167,5.354625,43.31916688,15.54525,195.7327586
Zoo Park,09-02-2023,1.107310417,37.81698333,15.08383333,294.5833333,95.85714286,57.1625,4.568625,2023,2,9,Thursday,,217.5812808,244.5833333,47.27122917,5.71078125,56.25821042,15.08383333,244.5833333
Zoo Park,10-02-2023,1.162652088,37.8397,14.93846667,257.3333333,97.875,53.9,4.410333333,2023,2,10,Friday,,224.4698276,207.3333333,47.299625,5.512916667,58.96995229,14.93846667,224.4698276
Zoo Park,11-02-2023,1.217516667,42.1731,14.77023333,295.7916667,113.125,51.04583333,5.012933333,2023,2,11,Saturday,,276.5301724,245.7916667,52.47389487,6.266166667,61.65831667,14.77023333,276.5301724
Zoo Park,12-02-2023,1.215608333,41.05136667,15.27411667,212.2916667,92.91666667,50.72083333,4.260775,2023,2,12,Sunday,,207.5431034,174.9454698,51.06453761,5.32596875,61.56480833,15.27411667,207.5431034
Zoo Park,13-02-2023,0.743295833,41.68821667,14.57995,192.5833333,55.33333333,40.44166667,3.926725,2023,2,13,Monday,,92.11494253,161.8506711,51.86468248,4.90840625,37.16479167,14.57995,161.8506711
Zoo Park,14-02-2023,1.0848875,42.88123333,14.90253333,259.0833333,94.08333333,47.9625,4.667966667,2023,2,14,Tuesday,,211.5258621,209.0833333,53.36360085,5.834958333,55.1594875,14.90253333,211.5258621
Zoo Park,15-02-2023,1.3024375,44.47923333,14.68121667,274.4166667,98.58333333,48.59166667,4.45618325,2023,2,15,Wednesday,,226.887931,224.4166667,55.37134444,5.570229063,65.8194375,14.68121667,226.887931
Zoo Park,16-02-2023,1.2451875,45.09023333,14.51461667,281.25,95.16666667,48.43333333,4.153791667,2023,2,16,Thursday,,215.2241379,231.25,56.13901111,5.192239583,63.0141875,14.51461667,231.25
Zoo Park,17-02-2023,1.3654125,40.35733333,15.27983333,321.375,111.25,51.25416667,4.657049958,2023,2,17,Friday,,270.1293103,271.375,50.19254701,5.821312448,68.9052125,15.27983333,271.375
Zoo Park,18-02-2023,1.101108338,45.81795,15.092,232.4166667,87.875,54.55416667,3.626516667,2023,2,18,Saturday,,192.7456897,188.3171141,57.05332179,4.533145833,55.95430854,15.092,192.7456897
Zoo Park,19-02-2023,0.796252092,40.73333333,16.66326667,168.375,66.41666667,60.05833333,3.7073,2023,2,19,Sunday,,119.4913793,145.7659396,50.66495726,4.634125,39.81260458,16.66326667,145.7659396
Zoo Park,20-02-2023,1.210121875,45.372625,35.754075,156.375,71.5,65.7375,4.275512506,2023,2,20,Monday,,136.8448276,137.7927852,56.4938109,5.344390633,61.29597188,35.754075,137.7927852
Zoo Park,21-02-2023,1.461783333,35.11213333,7.029866667,350.3333333,114.3333333,53,1.4148,2023,2,21,Tuesday,,280.6551724,300.164557,43.89016667,1.7685,73.62738333,7.029866667,300.164557
Zoo Park,22-02-2023,1.082979171,34.64135,14.34883333,237.5833333,98.41666667,50.97916667,3.711666667,2023,2,22,Wednesday,,226.3189655,191.75,43.3016875,4.639583333,55.06597937,14.34883333,226.3189655
Zoo Park,23-02-2023,0.987085417,34.15646667,15.70123333,232.2916667,95.95833333,49.46666667,4.717091667,2023,2,23,Thursday,,217.9267241,188.2340604,42.69558333,5.896364583,49.35427083,15.70123333,217.9267241
Zoo Park,24-02-2023,1.042904171,33.92068333,15.08628333,249.4166667,99.125,51.20416667,4.3361,2023,2,24,Friday,,228.737069,199.6124161,42.40085417,5.420125,53.10230437,15.08628333,228.737069
Zoo Park,25-02-2023,1.084410421,38.01046667,14.96868333,278.9166667,100.3333333,47.82083333,4.43435,2023,2,25,Saturday,,232.862069,228.9166667,47.51308333,5.5429375,55.13611062,14.96868333,232.862069
Zoo Park,26-02-2023,1.120191671,39.79803333,14.82413333,248.375,97.41666667,47.39583333,4.142875,2023,2,26,Sunday,,222.9051724,198.920302,49.74754167,5.17859375,56.88939187,14.82413333,222.9051724
Zoo Park,27-02-2023,0.818197917,38.56036667,15.31658333,188.9166667,70.78571429,45.875,3.601408333,2023,2,27,Monday,,134.4064039,159.4144295,48.20045833,4.501760417,40.90989583,15.31658333,159.4144295
Zoo Park,28-02-2023,0.815335421,39.13925,14.7294,194.625,71.27272727,47.2375,4.271691667,2023,2,28,Tuesday,,136.0689655,163.2072148,48.9240625,5.339614583,40.76677104,14.7294,163.2072148
